{
  "eye": {
    "orientation": [
      0.061926472932100296,
      -0.26434165239334106,
      -0.11627720296382904,
      0.9553890228271484
    ],
    "magnitude": 1,
    "position": [
      1006.74169921875,
      359.2647399902344,
      240.81463623046875
    ]
  },
  "radius": 793.2212524414062,
  "type": "PERSPECTIVE"
}